"REF","FIRSTNAME","MIDDLENAME","SURNAME","EMAILADDRESS","CONFEMAILADDRESS","MOBILE","GENDER","DOB","ADDRESS1","ADDRESS2","TOWN","POSTCODE","NATIONALITY","ORGANISATION","SPECIAL","SPECNEEDS","CONFIRMMSG","CONFIRM","MEMBER"
"9","teetst","","test","test@test.com","test@test.com","asdf","Female","asdfasdf","asdfasdf","","asdfasdf","asdfasdf","asfdasfd","asdfasdf","","","","","0"
"9","","","","","","","","","","","","","","","","","","","0"
"9","","","","","","","","","","","","","","","","","","","0"
"9","","","","","","","","","","","","","","","","","","","0"
"9","","","","","","","","","","","","","","","","","","","0"
"9","","","","","","","","","","","","","","","","","","","0"
"9","","","","","","","","","","","","","","","","","","","0"
"9","","","","","","","","","","","","","","","","","","","0"
"9","","","","","","","","","","","","","","","","","","","0"
"9","","","","","","","","","","","","","","","","","","","0"
"9","","","","","","","","","","","","","","","","","","","0"
"9","","","","","","","","","","","","","","","","","","","0"
"9","","","","","","","","","","","","","","","","","","","0"
"9","","","","","","","","","","","","","","","","","","","0"
"9","","","","","","","","","","","","","","","","","","","0"
"9","","","","","","","","","","","","","","","","","","","0"
"9","","","","","","","","","","","","","","","","","","","0"
"9","","","","","","","","","","","","","","","","","","1","0"
"10","teetst","","test","test@test.com","test@test.com","asdf","Female","asdfasdf","asdfasdf","","asdfasdf","asdfasdf","asfdasfd","asdfasdf","","","","","0"
"10","","","","","","","","","","","","","","","","","","","0"
"10","","","","","","","","","","","","","","","","","","","0"
"10","","","","","","","","","","","","","","","","","","","0"
"10","","","","","","","","","","","","","","","","","","","0"
"10","","","","","","","","","","","","","","","","","","","0"
"10","","","","","","","","","","","","","","","","","","","0"
"10","","","","","","","","","","","","","","","","","","","0"
"10","","","","","","","","","","","","","","","","","","","0"
"10","","","","","","","","","","","","","","","","","","","0"
"10","","","","","","","","","","","","","","","","","","","0"
"10","","","","","","","","","","","","","","","","","","","0"
"10","","","","","","","","","","","","","","","","","","","0"
"10","","","","","","","","","","","","","","","","","","","0"
"10","","","","","","","","","","","","","","","","","","","0"
"10","","","","","","","","","","","","","","","","","","","0"
"10","","","","","","","","","","","","","","","","","","","0"
"10","","","","","","","","","","","","","","","","","","1","0"
"11","teetst","","test","test@test.com","test@test.com","asdf","Female","asdfasdf","asdfasdf","","asdfasdf","asdfasdf","asfdasfd","asdfasdf","","","","","0"
"11","","","","","","","","","","","","","","","","","","","0"
"11","","","","","","","","","","","","","","","","","","","0"
"11","","","","","","","","","","","","","","","","","","","0"
"11","","","","","","","","","","","","","","","","","","","0"
"11","","","","","","","","","","","","","","","","","","","0"
"11","","","","","","","","","","","","","","","","","","","0"
"11","","","","","","","","","","","","","","","","","","","0"
"11","","","","","","","","","","","","","","","","","","","0"
"11","","","","","","","","","","","","","","","","","","","0"
"11","","","","","","","","","","","","","","","","","","","0"
"11","","","","","","","","","","","","","","","","","","","0"
"11","","","","","","","","","","","","","","","","","","","0"
"11","","","","","","","","","","","","","","","","","","","0"
"11","","","","","","","","","","","","","","","","","","","0"
"11","","","","","","","","","","","","","","","","","","","0"
"11","","","","","","","","","","","","","","","","","","","0"
"11","","","","","","","","","","","","","","","","","","1","0"
"12","teetst","","test","test@test.com","test@test.com","asdf","Female","asdfasdf","asdfasdf","","asdfasdf","asdfasdf","asfdasfd","asdfasdf","","","","","0"
"12","","","","","","","","","","","","","","","","","","","0"
"12","","","","","","","","","","","","","","","","","","","0"
"12","","","","","","","","","","","","","","","","","","","0"
"12","","","","","","","","","","","","","","","","","","","0"
"12","","","","","","","","","","","","","","","","","","","0"
"12","","","","","","","","","","","","","","","","","","","0"
"12","","","","","","","","","","","","","","","","","","","0"
"12","","","","","","","","","","","","","","","","","","","0"
"12","","","","","","","","","","","","","","","","","","","0"
"12","","","","","","","","","","","","","","","","","","","0"
"12","","","","","","","","","","","","","","","","","","","0"
"12","","","","","","","","","","","","","","","","","","","0"
"12","","","","","","","","","","","","","","","","","","","0"
"12","","","","","","","","","","","","","","","","","","","0"
"12","","","","","","","","","","","","","","","","","","","0"
"12","","","","","","","","","","","","","","","","","","","0"
"12","","","","","","","","","","","","","","","","","","1","0"
"14","Stuart","","Johnson","stuart@treelinesoftware.com","stuart@treelinesoftware.com","07979866308","Male","29th June 1959","The Old Smithy","","Ashford Carbonell","SY8 4DB","United Kingdom","Treeline Software Ltd.","1","This is just a test entry","","","0"
"14","","","","","","","","","","","","","","","","","","","0"
"14","","","","","","","","","","","","","","","","","","","0"
"14","","","","","","","","","","","","","","","","","","","0"
"14","","","","","","","","","","","","","","","","","","","0"
"14","","","","","","","","","","","","","","","","","","","0"
"14","","","","","","","","","","","","","","","","","","","0"
"14","","","","","","","","","","","","","","","","","","","0"
"14","","","","","","","","","","","","","","","","","","","0"
"14","","","","","","","","","","","","","","","","","","","0"
"14","","","","","","","","","","","","","","","","","","","0"
"14","","","","","","","","","","","","","","","","","","","0"
"14","","","","","","","","","","","","","","","","","","","0"
"14","","","","","","","","","","","","","","","","","","","0"
"14","","","","","","","","","","","","","","","","","","","0"
"14","","","","","","","","","","","","","","","","","","","0"
"14","","","","","","","","","","","","","","","","","","","0"
"14","","","","","","","","","","","","","","","","","","1","0"
"14","","","","","","","","","","","","","","","","","","","0"
