"REF","FIRSTNAME","MIDDLENAME","SURNAME","EMAILADDRESS","CONFEMAILADDRESS","MOBILE","GENDER","DOB","ADDRESS1","ADDRESS2","TOWN","POSTCODE","NATIONALITY","ORGANISATION","SPECIAL","SPECNEEDS","CONFIRM","MEMBER"
"1","Name 1","Middle 1","Surname 1","test@test.com","test@test.com","mobile 1","Female","DOB 1","Add 1","Add2 1","City 1","Code 1","Nat 1","Org 1","1","Needs","1","0"
"2","First 2","","Surname","phil@treelinesoftware.com","phil@treelinesoftware.com","mobile","Female","dob","Add 2","","TOwn 2","code 3","Nat 2","Organ 2","","","1","0"
"3","First 2","","Surname","phil@treelinesoftware.com","phil@treelinesoftware.com","mobile","Female","dob","Add 2","","TOwn 2","code 3","Nat 2","Organ 2","","","1","0"
"4","Test 3","","Test","phil@treelinesoftware.com","phil@treelinesoftware.com","mobile","Male","dob","add","","town","code","nat","org","","","1","0"
"5","Test 3","","Test","phil@treelinesoftware.com","phil@treelinesoftware.com","mobile","Male","dob","add","","town","code","nat","org","","","1","0"
"6","Test 4","","Surname","phil@treelinesoftware.com","phil@treelinesoftware.com","Mobile","Male","dob","add 1","","town","code","nat","org","","","1","0"
"7","Test 4","","Surname","phil@treelinesoftware.com","phil@treelinesoftware.com","Mobile","Male","dob","add 1","","town","code","nat","org","","","1","0"
"8","Test 4","","Surname","phil@treelinesoftware.com","phil@treelinesoftware.com","Mobile","Male","dob","add 1","","town","code","nat","org","","","1","0"
"9","Test 4","","Surname","phil@treelinesoftware.com","phil@treelinesoftware.com","Mobile","Male","dob","add 1","","town","code","nat","org","","","1","0"
"10","Test 4","","Surname","phil@treelinesoftware.com","phil@treelinesoftware.com","Mobile","Male","dob","add 1","","town","code","nat","org","","","1","0"
"11","Test 4","","Surname","phil@treelinesoftware.com","phil@treelinesoftware.com","Mobile","Male","dob","add 1","","town","code","nat","org","","","1","0"
"12","Test 4","","Surname","phil@treelinesoftware.com","phil@treelinesoftware.com","Mobile","Male","dob","add 1","","town","code","nat","org","","","1","0"
"13","Test 4","","Surname","phil@treelinesoftware.com","phil@treelinesoftware.com","Mobile","Male","dob","add 1","","town","code","nat","org","","","1","0"
